{"mse": 0.9404403289276747, "r2": 0.12133760009272065}